"id","age_group","sentence","n_letters","trialtime","error_percent","backspaces"
101,"young",1,19,13696,0.0526315789473684,9
101,"young",2,18,11080,0,4
101,"young",3,15,7774,0,1
101,"young",4,19,11943,0,5
101,"young",5,13,5169,0,0
101,"young",6,13,5930,0,0
101,"young",7,21,8905,0,0
101,"young",8,20,7736,0,0
101,"young",9,18,9851,0.0555555555555556,5
101,"young",10,12,7502,0,4
101,"young",11,14,5151,0,0
101,"young",12,24,24856,0,21
101,"young",13,18,9071,0,3
101,"young",14,19,12838,0,6
101,"young",15,19,11433,0,5
101,"young",16,11,3681,0,0
101,"young",17,22,9595,0,0
101,"young",18,24,9413,0,0
101,"young",19,12,6360,0,3
101,"young",20,22,9188,0,1
101,"young",21,22,19007,0,13
101,"young",22,17,7153,0,0
101,"young",23,21,8972,0,1
101,"young",24,11,3100,0,0
101,"young",25,22,14911,0,5
101,"young",26,23,15498,0,8
101,"young",27,18,11102,0,4
101,"young",28,16,10132,0,6
101,"young",29,12,6749,0,1
101,"young",30,20,11715,0,3
101,"young",31,21,10431,0,3
101,"young",32,22,8120,0.0909090909090909,0
101,"young",33,23,8964,0.0434782608695652,0
101,"young",34,18,8076,0,0
101,"young",35,12,5269,0,0
101,"young",36,19,14608,0,8
101,"young",37,14,4913,0,0
101,"young",38,10,7537,0,5
101,"young",39,18,8989,0,0
101,"young",40,11,3432,0,0
101,"young",41,15,6999,0,1
101,"young",42,15,7519,0,1
101,"young",43,21,11503,0,0
101,"young",44,17,9113,0,2
101,"young",45,20,10087,0,2
101,"young",46,21,11031,0,3
101,"young",47,22,10367,0,1
101,"young",48,21,7996,0,0
101,"young",49,18,5401,0,0
101,"young",50,18,7636,0,0
102,"young",1,19,7540,1,0
102,"young",2,18,7956,0,1
102,"young",3,15,4798,0,0
102,"young",4,19,3825,0.789473684210526,0
102,"young",5,13,2716,0.769230769230769,0
102,"young",6,13,5436,0,0
102,"young",7,21,8594,0,0
102,"young",8,20,18718,0,14
102,"young",9,18,6197,0,0
102,"young",10,12,5420,1,0
102,"young",11,14,7006,0,1
102,"young",12,24,9806,0,1
102,"young",14,19,7018,0,0
102,"young",15,19,8930,0.0526315789473684,0
102,"young",16,11,7391,1.45454545454545,0
102,"young",17,22,6281,0.772727272727273,0
102,"young",18,24,9491,0,1
102,"young",20,22,6906,0.727272727272727,0
102,"young",23,21,8223,0,1
102,"young",24,11,4794,1.54545454545455,0
102,"young",25,22,5418,0.727272727272727,0
102,"young",27,18,4773,0.833333333333333,0
102,"young",28,16,5795,0,0
102,"young",29,12,5101,0.833333333333333,1
102,"young",30,20,6313,0,0
102,"young",31,21,5699,0,0
102,"young",32,22,10190,0.0454545454545455,4
102,"young",33,23,5888,0.608695652173913,1
102,"young",34,18,8501,0.833333333333333,1
102,"young",35,12,5338,0.916666666666667,0
102,"young",36,19,5473,0,0
102,"young",37,14,9735,1.21428571428571,2
102,"young",38,10,7661,1.6,3
102,"young",39,18,6676,0,0
102,"young",40,11,9679,1.72727272727273,1
102,"young",41,15,4192,0.933333333333333,0
102,"young",42,15,5351,0,0
102,"young",43,21,3013,0.80952380952381,0
102,"young",44,17,10467,0,2
102,"young",45,20,7961,0.8,1
102,"young",46,21,6641,0,0
102,"young",47,22,7936,0.863636363636364,0
102,"young",48,21,8411,0,0
102,"young",49,18,3303,0.722222222222222,0
102,"young",50,18,3498,0.888888888888889,0
103,"young",1,19,6742,0,0
103,"young",2,18,9236,0,2
103,"young",3,15,9635,0,1
103,"young",4,19,10169,0,1
103,"young",5,13,5942,0,1
103,"young",6,13,6400,0,1
103,"young",7,21,14249,0,9
103,"young",8,20,13508,0,5
103,"young",9,18,13548,0,7
103,"young",10,12,3851,0,0
103,"young",11,14,13719,0,12
103,"young",12,24,14498,0,8
103,"young",13,18,7498,0,0
103,"young",14,19,9579,0,3
103,"young",15,19,6424,0,0
103,"young",16,11,10808,0,8
103,"young",17,22,18840,0,13
103,"young",18,24,14725,0,5
103,"young",19,12,5148,0,2
103,"young",20,22,12728,0,6
103,"young",21,22,10541,0,0
103,"young",22,17,7603,0,1
103,"young",23,21,9380,0,1
103,"young",24,11,3517,0,1
103,"young",25,22,7460,0,0
103,"young",26,23,11194,0,1
103,"young",27,18,7387,0,2
103,"young",28,16,6574,0,1
103,"young",29,12,5193,0,1
103,"young",30,20,11841,0,7
103,"young",31,21,9240,0,4
103,"young",32,22,10391,0,2
103,"young",33,23,9914,0,1
103,"young",34,18,7178,0,2
103,"young",35,12,3746,0,0
103,"young",36,19,12392,0,3
103,"young",37,14,6142,0,0
103,"young",38,10,2977,0,0
103,"young",39,18,7720,0,1
103,"young",40,11,9093,0,1
103,"young",41,15,11210,0,7
103,"young",42,15,4781,0,0
103,"young",43,21,13482,0,4
103,"young",44,17,8761,0,3
103,"young",45,20,11547,0,3
103,"young",46,21,13134,0,8
103,"young",47,22,18901,0,9
103,"young",48,21,12406,0,5
103,"young",49,18,11955,0,7
103,"young",50,18,9930,0,2
104,"young",1,19,3842,0,0
104,"young",2,18,4302,0,0
104,"young",3,15,3236,0,0
104,"young",4,19,4743,0,0
104,"young",5,13,4319,0,2
104,"young",6,13,3754,0,0
104,"young",7,21,7450,0,1
104,"young",8,20,4922,0,0
104,"young",9,18,6237,0,1
104,"young",10,12,2613,0,0
104,"young",11,14,4193,0,2
104,"young",12,24,6609,0,2
104,"young",13,18,4186,0,0
104,"young",14,19,5951,0,1
104,"young",15,19,10753,0,5
104,"young",16,11,2064,0,0
104,"young",17,22,7132,0,1
104,"young",18,24,6893,0,2
104,"young",19,12,2938,0,0
104,"young",20,22,8241,0,2
104,"young",21,22,10375,0,4
104,"young",22,17,8674,0,4
104,"young",23,21,7615,0,2
104,"young",24,11,3190,0,1
104,"young",25,22,7591,0,1
104,"young",26,23,7948,0,3
104,"young",27,18,4593,0,0
104,"young",28,16,6307,0,3
104,"young",29,12,6623,0,3
104,"young",30,20,6979,0,2
104,"young",31,21,5580,0,0
104,"young",32,22,5144,0,0
104,"young",33,23,8269,0,2
104,"young",34,18,5812,0,1
104,"young",35,12,2577,0,0
104,"young",36,19,4198,0,0
104,"young",37,14,5164,0,2
104,"young",38,10,7041,0,8
104,"young",39,18,3680,0,0
104,"young",40,11,1982,0,0
104,"young",41,15,6954,0,3
104,"young",42,15,4506,0,0
104,"young",43,21,5438,0,0
104,"young",44,17,4024,0,0
104,"young",45,20,4936,0,0
104,"young",46,21,11418,0,6
104,"young",47,22,6949,0,2
104,"young",48,21,5453,0,1
104,"young",49,18,5655,0,3
104,"young",50,18,5344,0,0
105,"young",1,19,6277,0,1
105,"young",2,18,6074,0,0
105,"young",3,15,8405,0,3
105,"young",4,19,5672,0,0
105,"young",5,13,4723,0,0
105,"young",6,13,5326,0,1
105,"young",7,21,9133,0,1
105,"young",8,20,6300,0,0
105,"young",9,18,5734,0,0
105,"young",10,12,5099,0,0
105,"young",11,14,4730,0,0
105,"young",12,24,7461,0,0
105,"young",13,18,5352,0,0
105,"young",14,19,6427,0,0
105,"young",15,19,8619,0,3
105,"young",16,11,2447,0,0
105,"young",17,22,8697,0,1
105,"young",18,24,9562,0,1
105,"young",19,12,9926,0,2
105,"young",20,22,6697,0,0
105,"young",21,22,18374,0,15
105,"young",22,17,5472,0,0
105,"young",23,21,10119,0,3
105,"young",24,11,4163,0,1
105,"young",25,22,9624,0,3
105,"young",26,23,7139,0,0
105,"young",27,18,4881,0,0
105,"young",28,16,4510,0,0
105,"young",29,12,4072,0,0
105,"young",30,20,6554,0,0
105,"young",31,21,6924,0,0
105,"young",32,22,8952,0,1
105,"young",33,23,7620,0,0
105,"young",34,18,6350,0,0
105,"young",35,12,3049,0,0
105,"young",36,19,5736,0,0
105,"young",37,14,5635,0,2
105,"young",38,10,5558,0,3
105,"young",39,18,5763,0,0
105,"young",40,11,7252,0,3
105,"young",41,15,6766,0,2
105,"young",42,15,4747,0,0
105,"young",43,21,9281,0,0
105,"young",44,17,8745,0,2
105,"young",45,20,7373,0,1
105,"young",46,21,7277,0,1
105,"young",47,22,7222,0,0
105,"young",48,21,6102,0,0
105,"young",49,18,4868,0,0
105,"young",50,18,7779,0.0555555555555556,0
106,"young",1,19,5481,0,0
106,"young",2,18,6339,0,0
106,"young",3,15,4829,0,0
106,"young",4,19,5882,0,0
106,"young",5,13,4585,0,0
106,"young",6,13,4348,0,0
106,"young",7,21,7136,0,0
106,"young",8,20,6822,0,0
106,"young",9,18,6324,0,0
106,"young",10,12,3968,0,0
106,"young",11,14,5386,0,1
106,"young",12,24,7552,0,0
106,"young",13,18,5625,0,0
106,"young",14,19,6421,0,0
106,"young",15,19,5597,0,0
106,"young",16,11,3320,0,0
106,"young",17,22,9269,0,1
106,"young",18,24,7831,0,0
106,"young",19,12,3222,0,0
106,"young",20,22,7265,0,0
106,"young",21,22,7080,0,0
106,"young",22,17,6214,0,0
106,"young",23,21,8195,0,2
106,"young",24,11,2787,0,0
106,"young",25,22,7376,0,0
106,"young",26,23,7552,0,0
106,"young",27,18,5303,0,0
106,"young",28,16,4893,0,0
106,"young",29,12,3298,0,0
106,"young",30,20,7139,0,0
106,"young",31,21,6929,0,0
106,"young",32,22,7569,0,0
106,"young",33,23,6188,0.0434782608695652,0
106,"young",34,18,6901,0,0
106,"young",35,12,3404,0,0
106,"young",36,19,5885,0,0
106,"young",37,14,6621,0,4
106,"young",38,10,2940,0,0
106,"young",39,18,7668,0,2
106,"young",40,11,2872,0,0
106,"young",41,15,4806,0,0
106,"young",42,15,5016,0,0
106,"young",43,21,11075,0,5
106,"young",44,17,9386,0,4
106,"young",45,20,7590,0,1
106,"young",46,21,7321,0,0
106,"young",47,22,7164,0,0
106,"young",48,21,6930,0,0
106,"young",49,18,6157,0,1
106,"young",50,18,6354,0,0
107,"young",1,19,5677,0,0
107,"young",2,18,6673,0,0
107,"young",3,15,5956,0,0
107,"young",4,19,5898,0,0
107,"young",5,13,4159,0,0
107,"young",6,13,5228,0,0
107,"young",7,21,8710,0,1
107,"young",8,20,6586,0,0
107,"young",9,18,5858,0,0
107,"young",10,12,3465,0,0
107,"young",11,14,3673,0,0
107,"young",12,24,11421,0,5
107,"young",13,18,5438,0.0555555555555556,0
107,"young",14,19,5816,0,0
107,"young",15,19,5493,0,0
107,"young",16,11,2618,0,0
107,"young",17,22,6791,0,0
107,"young",18,24,7435,0,0
107,"young",19,12,4075,0,0
107,"young",20,22,7578,0,1
107,"young",21,22,7327,0,0
107,"young",22,17,5466,0,0
107,"young",23,21,6498,0,0
107,"young",24,11,2847,0,0
107,"young",25,22,7572,0,0
107,"young",26,23,8459,0,0
107,"young",27,18,6741,0,1
107,"young",28,16,5090,0,0
107,"young",29,12,4464,0,0
107,"young",30,20,5848,0,0
107,"young",31,21,7116,0,0
107,"young",32,22,6692,0,0
107,"young",33,23,9822,0.0434782608695652,3
107,"young",34,18,6100,0,0
107,"young",35,12,3089,0,0
107,"young",36,19,18266,0,15
107,"young",37,14,3981,0,0
107,"young",38,10,3870,0,0
107,"young",39,18,9916,0,4
107,"young",40,11,2735,0,0
107,"young",41,15,5978,0,0
107,"young",42,15,4730,0,0
107,"young",43,21,8665,0,0
107,"young",44,17,6468,0,0
107,"young",45,20,6804,0,0
107,"young",46,21,9670,0.0476190476190476,5
107,"young",47,22,7087,0,0
107,"young",48,21,7141,0,0
107,"young",49,18,4768,0,0
107,"young",50,18,9337,0,5
108,"young",1,19,8386,0,2
108,"young",2,18,13335,0,5
108,"young",3,15,8545,0,3
108,"young",4,19,8101,0,0
108,"young",5,13,7635,0,4
108,"young",6,13,6614,0,1
108,"young",7,21,13079,0,4
108,"young",8,20,9705,0,4
108,"young",9,18,6584,0,0
108,"young",10,12,10857,0,8
108,"young",11,14,21942,0.0714285714285714,0
108,"young",12,24,13125,0,7
108,"young",13,18,11921,0,5
108,"young",14,19,17187,0,12
108,"young",15,19,11011,0,3
108,"young",16,11,2875,0,0
108,"young",17,22,9463,0,1
108,"young",18,24,23974,0,14
108,"young",19,12,3317,0,0
108,"young",20,22,8461,0,0
108,"young",21,22,8798,0,0
108,"young",22,17,10425,0,6
108,"young",23,21,9060,0,3
108,"young",24,11,8128,0,6
108,"young",25,22,16851,0,9
108,"young",26,23,14125,0,9
108,"young",27,18,11157,0,6
108,"young",28,16,8239,0,2
108,"young",29,12,9408,0,5
108,"young",30,20,20706,0,18
108,"young",31,21,10715,0,7
108,"young",32,22,9734,0,0
108,"young",33,23,13416,0,8
108,"young",34,18,7086,0,0
108,"young",35,12,6950,0,4
108,"young",36,19,10478,0,10
108,"young",37,14,4311,0,0
108,"young",38,10,2909,0,0
108,"young",39,18,10461,0,6
108,"young",40,11,8306,0,7
108,"young",41,15,10555,0,6
108,"young",42,15,9566,0,4
108,"young",43,21,8747,0,0
108,"young",44,17,7685,0,2
108,"young",45,20,12060,0,6
108,"young",46,21,14904,0,5
108,"young",47,22,9063,0,1
108,"young",48,21,11437,0,5
108,"young",49,18,10799,0,10
108,"young",50,18,6641,0,0
110,"young",34,18,5909,0,0
110,"young",47,22,8214,0,1
111,"young",1,19,5026,0,0
111,"young",2,18,5642,0,0
111,"young",4,19,7107,0,2
111,"young",5,13,6684,0,3
111,"young",6,13,5089,0,1
111,"young",7,21,11147,0,7
111,"young",8,20,4554,0,0
111,"young",9,18,8062,0,1
111,"young",12,24,6265,0,0
111,"young",13,18,4660,0,0
111,"young",14,19,7822,0,3
111,"young",15,19,6242,0,0
111,"young",16,11,4843,0,3
111,"young",18,24,7994,0,1
111,"young",20,22,9495,0,2
111,"young",21,22,6707,0,0
111,"young",22,17,4384,0,0
111,"young",23,21,5652,0,0
111,"young",24,11,2666,0,0
111,"young",25,22,8114,0.0454545454545455,1
111,"young",26,23,5901,0,0
111,"young",27,18,5026,0,0
111,"young",28,16,3734,0,0
111,"young",29,12,3959,0,0
111,"young",31,21,5316,0,0
111,"young",32,22,6325,0,0
111,"young",33,23,10231,0.0434782608695652,3
111,"young",34,18,8674,0,4
111,"young",36,19,7154,0,3
111,"young",38,10,6641,0.1,8
111,"young",39,18,6849,0,4
111,"young",40,11,2200,0,0
111,"young",41,15,7830,0.0666666666666667,3
111,"young",46,21,8064,0,5
111,"young",48,21,7195,0,1
111,"young",49,18,5826,0,2
111,"young",50,18,6379,0,1
112,"young",1,19,11373,0,11
112,"young",2,18,8414,0,3
112,"young",3,15,3649,0,0
112,"young",4,19,7027,0,5
112,"young",5,13,3095,0,0
112,"young",6,13,5158,0,3
112,"young",7,21,7490,0,1
112,"young",8,20,4923,0,0
112,"young",9,18,6829,0,4
112,"young",10,12,4313,0,1
112,"young",11,14,7449,0,6
112,"young",12,24,11320,0,6
112,"young",13,18,5747,0,0
112,"young",14,19,8441,1,1
112,"young",15,19,10034,0,10
112,"young",16,11,6349,0,7
112,"young",17,22,10841,0,4
112,"young",18,24,11401,0,6
112,"young",19,12,6649,0,7
112,"young",20,22,10940,0,7
112,"young",21,22,6495,0,0
112,"young",22,17,5722,0,2
112,"young",23,21,8664,0,4
112,"young",25,22,12710,0,9
112,"young",26,23,11987,0,4
112,"young",27,18,6724,0,3
112,"young",28,16,3741,0,0
112,"young",29,12,4833,0,3
112,"young",30,20,6544,0,1
112,"young",31,21,5307,0,0
112,"young",32,22,9867,0.0454545454545455,2
112,"young",33,23,11930,0,7
112,"young",34,18,10337,0.0555555555555556,5
112,"young",35,12,5621,1.08333333333333,1
112,"young",36,19,4748,0,0
112,"young",37,14,3792,0,0
112,"young",38,10,3523,0,0
112,"young",39,18,740,0.888888888888889,0
112,"young",40,11,3510,0,1
112,"young",41,15,8441,0,6
112,"young",42,15,3700,0,0
112,"young",43,21,8003,0,3
112,"young",44,17,6233,0,3
112,"young",45,20,10093,0,7
112,"young",46,21,8873,0,6
112,"young",47,22,8219,0,2
112,"young",48,21,7264,0,2
112,"young",49,18,7604,0,5
112,"young",50,18,11245,0,8
113,"young",1,19,4407,0.842105263157895,0
113,"young",2,18,12157,1.05555555555556,11
113,"young",3,15,3324,0.8,0
113,"young",4,19,8211,0.894736842105263,0
113,"young",5,13,8849,1.23076923076923,4
113,"young",7,21,8643,1,1
113,"young",8,20,2948,0.5,0
113,"young",9,18,3785,0.722222222222222,0
113,"young",10,12,3589,0.916666666666667,0
113,"young",11,14,4639,1.07142857142857,0
113,"young",12,24,6392,0.875,0
113,"young",13,18,7810,0.833333333333333,3
113,"young",14,19,5405,0.894736842105263,0
113,"young",15,19,6175,0.789473684210526,1
113,"young",16,11,3599,1,0
113,"young",17,22,10248,0.818181818181818,3
113,"young",18,24,2117,0.75,0
113,"young",19,12,4549,1.25,0
113,"young",20,22,3308,0.818181818181818,0
113,"young",21,22,4496,0.772727272727273,0
113,"young",22,17,4126,0.882352941176471,0
113,"young",23,21,24828,0.857142857142857,20
113,"young",24,11,8035,1.45454545454545,0
113,"young",25,22,2993,0.772727272727273,0
113,"young",26,23,6301,0.91304347826087,0
113,"young",27,18,6767,0.833333333333333,3
113,"young",28,16,4786,0.9375,0
113,"young",29,12,8346,1.66666666666667,3
113,"young",30,20,14183,0.9,11
113,"young",31,21,5947,0.904761904761905,0
113,"young",32,22,7320,0.818181818181818,1
113,"young",33,23,13277,0.869565217391304,11
113,"young",34,18,5365,0.944444444444444,0
113,"young",35,12,4990,1.33333333333333,0
113,"young",36,19,2241,0.736842105263158,0
113,"young",37,14,4837,0.642857142857143,0
113,"young",38,10,6355,1.6,0
113,"young",39,18,3213,0.944444444444444,0
113,"young",40,11,5125,1.09090909090909,0
113,"young",41,15,8053,0.933333333333333,4
113,"young",42,15,3174,0.8,0
113,"young",43,21,7226,0.904761904761905,0
113,"young",44,17,6015,1.05882352941176,0
113,"young",45,20,3819,0.95,0
113,"young",46,21,2658,0.714285714285714,0
113,"young",47,22,3706,0.727272727272727,0
113,"young",48,21,5299,0.619047619047619,0
113,"young",49,18,5669,0.722222222222222,0
113,"young",50,18,7474,1,0
114,"young",1,19,7681,0,1
114,"young",2,18,5158,0,0
114,"young",3,15,3576,0,0
114,"young",4,19,6495,0,0
114,"young",5,13,4679,0,0
114,"young",6,13,4753,0,0
114,"young",7,21,14226,0,10
114,"young",8,20,10251,0,7
114,"young",9,18,5252,0,0
114,"young",10,12,3401,0,0
114,"young",11,14,3288,0,0
114,"young",12,24,6688,0,0
114,"young",13,18,4320,0,0
114,"young",14,19,4690,0,0
114,"young",15,19,5901,0,0
114,"young",16,11,5875,0,3
114,"young",17,22,8173,0,2
114,"young",18,24,6001,0,0
114,"young",19,12,3836,0,0
114,"young",20,22,9108,0,2
114,"young",21,22,9314,0,1
114,"young",22,17,9676,0,4
114,"young",23,21,9475,0,3
114,"young",24,11,2309,0,0
114,"young",25,22,21753,0,13
114,"young",26,23,7335,0,0
114,"young",27,18,4818,0,0
114,"young",28,16,4601,0,0
114,"young",29,12,4031,0,0
114,"young",30,20,5868,0,0
114,"young",31,21,5385,0,0
114,"young",32,22,6262,0,0
114,"young",33,23,6127,0.0434782608695652,0
114,"young",34,18,5210,0,0
114,"young",35,12,2740,0,0
114,"young",36,19,4604,0,0
114,"young",37,14,3712,0,0
114,"young",38,10,2675,0,0
114,"young",39,18,5166,0,0
114,"young",40,11,3297,0,0
114,"young",41,15,6748,0.0666666666666667,1
114,"young",42,15,4487,0,0
114,"young",43,21,6877,0,0
114,"young",44,17,10481,0,7
114,"young",45,20,6316,0,0
114,"young",46,21,12655,0,10
114,"young",47,22,7660,0,1
114,"young",48,21,9605,0,4
114,"young",49,18,5461,0,0
114,"young",50,18,5896,0,0
115,"young",1,19,5972,0.105263157894737,0
115,"young",3,15,4956,0,0
115,"young",4,19,6265,0.0526315789473684,1
115,"young",7,21,8350,0,3
115,"young",8,20,7087,0.05,1
115,"young",9,18,8603,0,9
115,"young",10,12,5019,0,0
115,"young",11,14,6024,0.0714285714285714,1
115,"young",12,24,14044,0,6
115,"young",13,18,6256,0.0555555555555556,2
115,"young",14,19,7583,0,3
115,"young",15,19,6525,0,3
115,"young",16,11,4282,0,2
115,"young",17,22,7636,0.0454545454545455,1
115,"young",19,12,7679,0,3
115,"young",20,22,7158,0.0909090909090909,1
115,"young",21,22,10688,0.0454545454545455,1
115,"young",22,17,6349,0,1
115,"young",23,21,7351,0,1
115,"young",24,11,2617,0.0909090909090909,0
115,"young",25,22,12600,0.0909090909090909,7
115,"young",27,18,3885,0,0
115,"young",28,16,8266,0,5
115,"young",29,12,3985,0,0
115,"young",30,20,8867,0,3
115,"young",31,21,12298,0,12
115,"young",32,22,6719,0,0
115,"young",34,18,7963,0,2
115,"young",35,12,2497,0,0
115,"young",36,19,7579,0.0526315789473684,2
115,"young",38,10,3306,0,1
115,"young",39,18,7911,0,1
115,"young",40,11,3880,0,1
115,"young",41,15,4685,0.0666666666666667,0
115,"young",42,15,5424,0,1
115,"young",43,21,7900,0.0476190476190476,1
115,"young",44,17,5583,0,1
115,"young",45,20,8274,0,3
115,"young",46,21,6307,0,1
115,"young",47,22,9692,0,4
115,"young",48,21,7911,0,1
115,"young",49,18,7030,0,2
115,"young",50,18,7309,0,2
201,"old",1,19,12020,0,0
201,"old",2,18,13297,0,0
201,"old",3,15,9156,0,0
201,"old",4,19,11356,0,0
201,"old",5,13,10437,0,2
201,"old",6,13,11234,0,0
201,"old",7,21,13585,0,0
201,"old",8,20,11868,0.05,0
201,"old",9,18,10118,0.0555555555555556,0
201,"old",10,12,6960,0,0
201,"old",11,14,9298,0,0
201,"old",12,24,14306,0,0
201,"old",13,18,10280,0,1
201,"old",14,19,10558,0,0
201,"old",15,19,9353,0,0
201,"old",16,11,6793,0,0
201,"old",17,22,11909,0,0
201,"old",18,24,20613,0,3
201,"old",19,12,6274,0,0
201,"old",20,22,14508,0,0
201,"old",21,22,13584,0,0
201,"old",22,17,10825,0,0
201,"old",23,21,12467,0,0
201,"old",24,11,5310,0,0
201,"old",25,22,12488,0,0
201,"old",26,23,12492,0,0
201,"old",27,18,10458,0,0
201,"old",28,16,10135,0,0
201,"old",29,12,8500,0,0
201,"old",30,20,12590,0,0
201,"old",31,21,26223,0.0952380952380952,3
201,"old",32,22,13590,0,0
201,"old",33,23,13072,0,0
201,"old",34,18,17365,0,1
201,"old",35,12,7076,0,0
201,"old",36,19,11043,0,0
201,"old",37,14,12487,0,2
201,"old",38,10,5974,0,0
201,"old",39,18,10919,0,0
201,"old",40,11,5354,0,0
201,"old",41,15,9208,0,0
201,"old",42,15,8201,0,0
201,"old",43,21,14227,0,0
201,"old",44,17,9742,0,0
201,"old",45,20,15769,0,0
201,"old",46,21,12302,0,0
201,"old",47,22,15435,0,0
201,"old",48,21,18155,0.0476190476190476,1
201,"old",49,18,11345,0,0
201,"old",50,18,10264,0,0
202,"old",1,19,10619,0,0
202,"old",2,18,13601,0,0
202,"old",3,15,8498,0,0
202,"old",4,19,11150,0,0
202,"old",5,13,7198,0,0
202,"old",6,13,7672,0,0
202,"old",7,21,15012,0,0
202,"old",8,20,9905,0,0
202,"old",9,18,9012,0,0
202,"old",10,12,5382,0,0
202,"old",11,14,7229,0,0
202,"old",12,24,14743,0,0
202,"old",13,18,9697,0,0
202,"old",14,19,9141,0,0
202,"old",15,19,10648,0,0
202,"old",16,11,5166,0,0
202,"old",17,22,15476,0,0
202,"old",18,24,12110,0.0833333333333333,0
202,"old",19,12,6366,0,0
202,"old",20,22,12914,0,0
202,"old",21,22,10871,0,0
202,"old",22,17,15894,0,8
202,"old",23,21,13496,0,0
202,"old",24,11,4885,0,0
202,"old",25,22,16282,0,1
202,"old",26,23,11840,0,0
202,"old",27,18,24193,0,11
202,"old",28,16,7498,0,0
202,"old",29,12,6359,0,0
202,"old",30,20,10980,0,0
202,"old",31,21,12440,0,0
202,"old",32,22,30603,0.0454545454545455,8
202,"old",33,23,21312,0.0434782608695652,9
202,"old",34,18,12642,0,0
202,"old",36,19,9527,0,0
202,"old",37,14,7001,0,0
202,"old",38,10,4360,0,0
202,"old",39,18,28083,0,14
202,"old",40,11,3993,0,0
202,"old",41,15,7387,0,0
202,"old",42,15,7245,0,0
202,"old",43,21,13344,0,0
202,"old",44,17,9119,0.0588235294117647,0
202,"old",45,20,12562,0.05,0
202,"old",46,21,11073,0.0476190476190476,0
202,"old",47,22,18770,0,2
202,"old",48,21,15238,0,0
202,"old",49,18,38086,0,18
202,"old",50,18,12249,0,0
203,"old",1,19,32335,0.736842105263158,1
203,"old",5,13,20973,0.923076923076923,1
203,"old",14,19,23960,0.842105263157895,1
203,"old",15,19,28700,0.578947368421053,0
203,"old",16,11,40664,1.45454545454545,1
203,"old",19,12,83181,1,9
203,"old",22,17,22346,0.941176470588235,1
203,"old",26,23,94768,0.826086956521739,9
203,"old",33,23,32148,0.826086956521739,2
203,"old",36,19,109192,0.894736842105263,12
203,"old",37,14,60460,1,7
203,"old",43,21,123340,0.952380952380952,7
203,"old",47,22,167726,0.681818181818182,15
204,"old",1,19,22713,0,1
204,"old",2,18,19338,0,0
204,"old",3,15,14601,0,0
204,"old",4,19,18528,0,0
204,"old",5,13,18064,0,2
204,"old",6,13,17145,0,1
204,"old",7,21,28408,0,2
204,"old",8,20,16190,0,0
204,"old",9,18,28171,0,5
204,"old",10,12,28009,0,6
204,"old",11,14,28134,0.0714285714285714,11
204,"old",12,24,19810,0,0
204,"old",13,18,17528,0,0
204,"old",14,19,18992,0,0
204,"old",15,19,17600,0,0
204,"old",16,11,11470,0,0
204,"old",17,22,24645,0,0
204,"old",18,24,33739,0,3
204,"old",19,12,10370,0,0
204,"old",20,22,27375,0,1
204,"old",21,22,22435,0,0
204,"old",22,17,22609,0,1
204,"old",23,21,20495,0,0
204,"old",24,11,8564,0,0
204,"old",25,22,26176,0,0
204,"old",26,23,31819,0.130434782608696,4
204,"old",27,18,33954,0,4
204,"old",28,16,21480,0,2
204,"old",29,12,12711,0,0
204,"old",30,20,26068,0,3
204,"old",31,21,30179,0.0476190476190476,2
204,"old",32,22,35939,0,2
204,"old",33,23,41381,0.0434782608695652,5
204,"old",34,18,38302,0,6
204,"old",35,12,10450,0,0
204,"old",36,19,18770,0,0
204,"old",37,14,12104,0,0
204,"old",38,10,10478,0,0
204,"old",39,18,29114,0,6
204,"old",40,11,23007,0,9
204,"old",41,15,12905,0,0
204,"old",42,15,25389,0,2
204,"old",43,21,29718,0,0
204,"old",44,17,20256,0,1
204,"old",45,20,18310,0,0
204,"old",46,21,48563,0,17
204,"old",47,22,24903,0,0
204,"old",48,21,28747,0,3
204,"old",49,18,30649,0,6
204,"old",50,18,30122,0,7
205,"old",10,12,41356,0.166666666666667,1
205,"old",14,19,30374,0.315789473684211,2
205,"old",16,11,25344,0.0909090909090909,4
205,"old",18,24,59029,0.0416666666666667,4
205,"old",23,21,51049,0.333333333333333,1
205,"old",26,23,124739,0.478260869565217,11
205,"old",30,20,46893,0.05,1
205,"old",40,11,30486,0.909090909090909,3
205,"old",41,15,73098,0.133333333333333,12
205,"old",44,17,74074,0.176470588235294,13
205,"old",46,21,38987,0.142857142857143,0
205,"old",47,22,85188,0.318181818181818,5
206,"old",2,18,38192,0.888888888888889,0
206,"old",7,21,56243,0.857142857142857,1
206,"old",8,20,36755,0.9,0
206,"old",9,18,22048,0.722222222222222,0
206,"old",11,14,27905,1.14285714285714,0
206,"old",12,24,28986,0.791666666666667,0
206,"old",13,18,31595,0.777777777777778,2
206,"old",14,19,17612,0.789473684210526,1
206,"old",15,19,48971,0.842105263157895,5
206,"old",16,11,38050,1.18181818181818,1
206,"old",19,12,32749,1,0
206,"old",25,22,33834,0.681818181818182,0
206,"old",26,23,74102,0.869565217391304,3
206,"old",28,16,49484,0.9375,3
206,"old",29,12,55805,1.5,1
206,"old",31,21,47189,0.904761904761905,6
206,"old",33,23,60667,0.782608695652174,0
206,"old",35,12,20336,1,0
206,"old",37,14,21836,0.785714285714286,0
206,"old",39,18,34166,0.111111111111111,0
206,"old",40,11,60053,1.18181818181818,2
206,"old",43,21,59530,0.19047619047619,0
206,"old",44,17,36587,0.882352941176471,0
206,"old",45,20,33355,0.85,2
206,"old",46,21,30323,0.761904761904762,0
206,"old",48,21,35491,0.761904761904762,0
206,"old",49,18,40636,1,0
207,"old",1,19,17352,0,0
207,"old",2,18,19550,0,2
207,"old",3,15,18958,1.33333333333333,0
207,"old",4,19,15775,0.0526315789473684,0
207,"old",6,13,12336,0.769230769230769,0
207,"old",7,21,19570,0,0
207,"old",8,20,27935,0.95,3
207,"old",9,18,15543,0,0
207,"old",10,12,21122,1,5
207,"old",11,14,10071,0.785714285714286,0
207,"old",12,24,23606,0.708333333333333,5
207,"old",13,18,15440,0.833333333333333,3
207,"old",14,19,20362,0.894736842105263,2
207,"old",15,19,32671,0,4
207,"old",16,11,32365,1.36363636363636,5
207,"old",17,22,14796,0.681818181818182,0
207,"old",18,24,16078,0.791666666666667,0
207,"old",19,12,20782,1.58333333333333,1
207,"old",20,22,22578,0.0454545454545455,0
207,"old",22,17,21514,0.941176470588235,1
207,"old",23,21,15829,0.380952380952381,0
207,"old",25,22,12072,0.863636363636364,0
207,"old",26,23,30885,0.826086956521739,5
207,"old",27,18,13566,0,0
207,"old",28,16,24633,0,6
207,"old",29,12,25534,0,9
207,"old",30,20,25581,0,1
207,"old",31,21,9111,0.80952380952381,0
207,"old",32,22,14170,0.818181818181818,1
207,"old",33,23,21973,0.869565217391304,0
207,"old",34,18,13094,0.777777777777778,1
207,"old",35,12,14385,1.16666666666667,0
207,"old",36,19,17609,1.05263157894737,0
207,"old",37,14,10828,0,0
207,"old",38,10,5928,0.9,0
207,"old",39,18,21277,0,0
207,"old",40,11,11265,0.0909090909090909,0
207,"old",41,15,30084,1.06666666666667,8
207,"old",42,15,15434,0,0
207,"old",43,21,28705,0,0
207,"old",44,17,14092,0.882352941176471,0
207,"old",45,20,8446,0.8,1
207,"old",46,21,28216,0,5
207,"old",47,22,13642,0.818181818181818,0
207,"old",48,21,23896,0.761904761904762,1
207,"old",49,18,16465,0.0555555555555556,0
207,"old",50,18,18723,0,0
208,"old",1,19,11064,0,0
208,"old",2,18,9579,0,0
208,"old",3,15,8796,0,0
208,"old",4,19,10366,0,0
208,"old",5,13,15807,0,6
208,"old",6,13,7580,0,0
208,"old",7,21,12140,0,0
208,"old",8,20,14023,0.05,3
208,"old",9,18,10181,0,0
208,"old",10,12,6693,0,0
208,"old",11,14,7276,0,0
208,"old",13,18,9866,0,0
208,"old",14,19,9092,0,0
208,"old",15,19,9575,0,0
208,"old",16,11,5582,0,0
208,"old",17,22,14946,0,1
208,"old",18,24,13738,0,0
208,"old",19,12,7506,0,0
208,"old",20,22,11269,0,0
208,"old",21,22,10845,0,0
208,"old",22,17,12224,0,0
208,"old",23,21,13617,0,0
208,"old",24,11,5156,0,0
208,"old",25,22,13393,0,0
208,"old",26,23,13082,0,0
208,"old",27,18,9589,0,0
208,"old",28,16,18443,0,9
208,"old",29,12,7219,0,0
208,"old",30,20,11672,0,0
208,"old",31,21,12275,0.0476190476190476,0
208,"old",32,22,12183,0,0
208,"old",33,23,12274,0.0434782608695652,0
208,"old",34,18,11796,0,0
208,"old",35,12,6416,0,0
208,"old",36,19,9649,0,0
208,"old",37,14,13292,0,6
208,"old",38,10,4914,0,0
208,"old",39,18,12033,0,1
208,"old",40,11,5488,0,0
208,"old",41,15,9747,0,0
208,"old",42,15,8625,0,0
208,"old",43,21,16276,0,0
208,"old",44,17,9275,0,0
208,"old",45,20,11098,0,0
208,"old",46,21,13083,0,0
208,"old",47,22,18757,0,3
208,"old",48,21,12053,0,0
208,"old",49,18,11388,0,2
208,"old",50,18,10776,0,0
209,"old",1,19,22476,0,0
209,"old",2,18,17226,0,0
209,"old",3,15,18532,0,1
209,"old",4,19,18463,0,0
209,"old",5,13,20686,0,1
209,"old",6,13,13554,0,1
209,"old",7,21,22542,0,0
209,"old",8,20,17869,0,0
209,"old",9,18,22543,0,2
209,"old",10,12,9755,0,0
209,"old",11,14,11778,0,0
209,"old",12,24,22066,0,0
209,"old",13,18,19992,0,0
209,"old",14,19,17037,0,0
209,"old",15,19,20283,0,0
209,"old",16,11,8609,0,0
209,"old",17,22,41810,0,8
209,"old",18,24,22563,0.0416666666666667,0
209,"old",19,12,10367,0,0
209,"old",20,22,19079,0,0
209,"old",21,22,22792,0,0
209,"old",22,17,15737,0,0
209,"old",23,21,35850,0,7
209,"old",24,11,27187,0,8
209,"old",25,22,22920,0,0
209,"old",26,23,30118,0,2
209,"old",27,18,34323,0,2
209,"old",28,16,21034,0,0
209,"old",29,12,11404,0,0
209,"old",30,20,30986,0,0
209,"old",31,21,18644,0,0
209,"old",32,22,24399,0,0
209,"old",33,23,26570,0,0
209,"old",34,18,17367,0,0
209,"old",35,12,18924,0,5
209,"old",36,19,47770,0,12
209,"old",37,14,13094,0,0
209,"old",38,10,10089,0,0
209,"old",39,18,20042,0,1
209,"old",40,11,8581,0,0
209,"old",41,15,32689,0,5
209,"old",42,15,14361,0.0666666666666667,0
209,"old",43,21,43679,0,7
209,"old",44,17,13190,0,0
209,"old",45,20,20894,0,0
209,"old",47,22,23576,0.0454545454545455,1
209,"old",48,21,46664,0,7
209,"old",49,18,29265,0,1
209,"old",50,18,15214,0,0
211,"old",2,18,48362,0.0555555555555556,10
211,"old",3,15,21318,0,4
211,"old",4,19,17101,0,0
211,"old",5,13,13549,0,0
211,"old",7,21,40844,0,5
211,"old",8,20,24999,0,2
211,"old",9,18,15897,0,0
211,"old",11,14,9814,0,0
211,"old",12,24,18619,0,0
211,"old",13,18,30496,0,6
211,"old",15,19,20853,0.0526315789473684,0
211,"old",18,24,20689,0.416666666666667,1
211,"old",20,22,22403,0,1
211,"old",21,22,22843,0,1
211,"old",22,17,30156,0.0588235294117647,1
211,"old",23,21,48644,0.0476190476190476,4
211,"old",24,11,22137,0,5
211,"old",25,22,18258,0,0
211,"old",27,18,16976,0,0
211,"old",29,12,23417,0,3
211,"old",31,21,16739,0,0
211,"old",33,23,25592,0,2
211,"old",34,18,16973,0,1
211,"old",36,19,22848,0,1
211,"old",37,14,18089,0,2
211,"old",38,10,7832,0,0
211,"old",39,18,36730,0,12
211,"old",40,11,17290,0,3
211,"old",41,15,18367,0,2
211,"old",42,15,26999,0,8
211,"old",43,21,54677,0,7
211,"old",44,17,46774,0.176470588235294,14
211,"old",45,20,25260,0.15,4
211,"old",46,21,55469,0,17
211,"old",48,21,30216,0,4
211,"old",49,18,32680,0,7
211,"old",50,18,24873,0,0
